Category,Finish Date,Start Date,Name
Adventurous,2018-09-10,2018-08-31,New Zealand Encompassed
Adventurous,2018-09-10,2018-08-31,Cambodia Overland
Adventurous,2018-09-10,2018-08-31,Peru Overland
Adventurous,2018-09-10,2018-08-31,Vietnam Safari
Adventurous,2018-09-10,2018-08-31,Brazil Trek
Adventurous,2018-09-10,2018-08-31,Cambodia Multisport
Adventurous,2018-09-10,2018-08-31,Morocco Safari
Adventurous,2018-09-10,2018-08-31,Galapagos Encompassed
Adventurous,2018-09-10,2018-08-31,Galapagos Discovery
Adventurous,2018-09-10,2018-08-31,New Zealand Adventure
Adventurous,2018-09-10,2018-08-31,Galapagos Trek
Adventurous,2018-09-10,2018-08-31,Brazil Encompassed
Adventurous,2018-09-10,2018-08-31,Kenya Express
Adventurous,2018-09-10,2018-08-31,Galapagos Discovery
Adventurous,2018-09-10,2018-08-31,Sri Lanka Adventure
Adventurous,2018-09-10,2018-08-31,Brazil Adventure
Adventurous,2018-09-10,2018-08-31,Brazil Overland
Adventurous,2018-09-10,2018-08-31,Kenya Encompassed
Adventurous,2018-09-10,2018-08-31,Morocco Discovery
Adventurous,2018-09-10,2018-08-31,Vietnam Trek
Adventurous,2018-09-10,2018-08-31,New Zealand Safari
Adventurous,2018-09-10,2018-08-31,Vietnam Encompassed
Adventurous,2018-09-10,2018-08-31,Ethopia Express
Adventurous,2018-09-10,2018-08-31,Sri Lanka Safari
